common_voice_hi_40878357.wav|हजारे के अभियान से पार्टी की संभावनाओं पर प्रभाव नहीं पड़ेगा: हरियाणा कांग्रेस|हजारे के अभियान से पार्टी की संभावनाओं पर प्रभाव नहीं पड़ेगा: हरियाणा कांग्रेस
common_voice_hi_40878358.wav|कश्मीर में दो आतंकवादी ठिकाने का भंडाफोड़|कश्मीर में दो आतंकवादी ठिकाने का भंडाफोड़
common_voice_hi_40878359.wav|इस तरह के गिद्धों को हल्के में नहीं बख्शा जा सकता: हाईकोर्ट|इस तरह के गिद्धों को हल्के में नहीं बख्शा जा सकता: हाईकोर्ट
common_voice_hi_40878360.wav|अगर इंटरव्यू के दौरान कर देंगे ये काम, तो नहीं मिलेगी नौकरी|अगर इंटरव्यू के दौरान कर देंगे ये काम, तो नहीं मिलेगी नौकरी
common_voice_hi_40878361.wav|पीएम से मिलेंगे थलसेना प्रमुख बिक्रम सिंह, बताएंगे सेना को क्या चाहिए|पीएम से मिलेंगे थलसेना प्रमुख बिक्रम सिंह, बताएंगे सेना को क्या चाहिए
common_voice_hi_40888548.wav|सोमदेव फ्रेंच ओपन से बाहर|सोमदेव फ्रेंच ओपन से बाहर
common_voice_hi_40903743.wav|भारत-पाक के बीच कई समझौते, पर आतंक पर चिंता कायम|भारत-पाक के बीच कई समझौते, पर आतंक पर चिंता कायम
common_voice_hi_40903744.wav|पीसीबी और मुश्ताक में टेंशन, करार रुका|पीसीबी और मुश्ताक में टेंशन, करार रुका
common_voice_hi_40903745.wav|विमान हादसा: विमान के अवशेष देखने पहुंचे लोग|विमान हादसा: विमान के अवशेष देखने पहुंचे लोग
common_voice_hi_40903746.wav|बाहुबली फेम एक्ट्रेस तमन्ना को नहीं मिल रहीं फिल्में, कब तक चलेगा करियर?|बाहुबली फेम एक्ट्रेस तमन्ना को नहीं मिल रहीं फिल्में, कब तक चलेगा करियर?
common_voice_hi_40903747.wav|पुणे धमाकों में अमोनियम नाइट्रेट का इस्तेमाल|पुणे धमाकों में अमोनियम नाइट्रेट का इस्तेमाल
common_voice_hi_40904676.wav|बिहार चुनावः अपराधियों का अब भी बोलबाला|बिहार चुनावः अपराधियों का अब भी बोलबाला
common_voice_hi_40904677.wav|व्यक्ति कर्मों से महान बनता है, जन्म से नहीं।|व्यक्ति कर्मों से महान बनता है, जन्म से नहीं।
common_voice_hi_40904678.wav|त्रिपुरा: आखिरी किले के रक्षक|त्रिपुरा: आखिरी किले के रक्षक
common_voice_hi_40904679.wav|बॉलीवुड में स्ट्रगल पर बोलीं सनी लियोनी- मेरे पास कोई गॉडफादर नहीं था|बॉलीवुड में स्ट्रगल पर बोलीं सनी लियोनी- मेरे पास कोई गॉडफादर नहीं था
common_voice_hi_40904680.wav|पब्लिक डिमांड पर सेल्फी ले ले रे एक दिन पहले ही रिलीज|पब्लिक डिमांड पर सेल्फी ले ले रे एक दिन पहले ही रिलीज
common_voice_hi_40904695.wav|सोनम कपूर का नया जलवा|सोनम कपूर का नया जलवा
common_voice_hi_40904696.wav|पूर्ण बहुमत की सरकार में वित्त मंत्री न रहने का जीवनभर रहेगा मलाल: चिदंबरम|पूर्ण बहुमत की सरकार में वित्त मंत्री न रहने का जीवनभर रहेगा मलाल: चिदंबरम
common_voice_hi_40904697.wav|बाबा रामदेव बोले- किसी एक वर्ग की जनसंख्या वृद्धि देश के लिए घातक|बाबा रामदेव बोले- किसी एक वर्ग की जनसंख्या वृद्धि देश के लिए घातक
common_voice_hi_40904698.wav|मराठा नेता शरद पवार की खराब हुई फसल|मराठा नेता शरद पवार की खराब हुई फसल
common_voice_hi_40904699.wav|सोशल इंजीनियरिंग ही है बिहार में सत्ता की चाबी|सोशल इंजीनियरिंग ही है बिहार में सत्ता की चाबी
common_voice_hi_40904720.wav|डिंपल यादव के आगे नतमस्तक पार्टियां|डिंपल यादव के आगे नतमस्तक पार्टियां
common_voice_hi_40904721.wav|सलमान के लिए डॉक्टर मशहूर गुलाटी बन शो में लौटेंगे सुनील ग्रोवर|सलमान के लिए डॉक्टर मशहूर गुलाटी बन शो में लौटेंगे सुनील ग्रोवर
common_voice_hi_40904722.wav|मेरा नाम साशा है।|मेरा नाम साशा है।
common_voice_hi_40904723.wav|सुधर रही है सुपर स्टार राजेश खन्ना की सेहत|सुधर रही है सुपर स्टार राजेश खन्ना की सेहत
common_voice_hi_40958209.wav|अररिया: बाहुबली परिवार की बचेगी सल्तनत या फिर खिलेगा कमल?|अररिया: बाहुबली परिवार की बचेगी सल्तनत या फिर खिलेगा कमल?
common_voice_hi_40958210.wav|टॉम के बाल नही थे ।|टॉम के बाल नही थे ।
common_voice_hi_40958211.wav|आखिर क्यों होती हैं इस्लाम के नाम पर हत्याएं?|आखिर क्यों होती हैं इस्लाम के नाम पर हत्याएं?
common_voice_hi_40958212.wav|माई नेम इज खान मेरे करियर की सबसे अच्छी कहानी: शाहरुख|माई नेम इज खान मेरे करियर की सबसे अच्छी कहानी: शाहरुख
common_voice_hi_40958213.wav|अफवाह निकली अजमेर दरगाह परिसर को बम से उड़ाने की धमकी|अफवाह निकली अजमेर दरगाह परिसर को बम से उड़ाने की धमकी
common_voice_hi_40986161.wav|अरबों की संपत्ति छोड़कर संन्यास लेगा यह दिग्गज बिजनेसमैन|अरबों की संपत्ति छोड़कर संन्यास लेगा यह दिग्गज बिजनेसमैन
common_voice_hi_40986162.wav|आरटीआई अधिनियम सरकारी काम काज में कर रहा हस्तक्षेप: खुर्शीद|आरटीआई अधिनियम सरकारी काम काज में कर रहा हस्तक्षेप: खुर्शीद
common_voice_hi_40986163.wav|दिल्ली में मिली पूर्वोत्तर की लड़की की लाश, लिव इन पार्टनर पर शक|दिल्ली में मिली पूर्वोत्तर की लड़की की लाश, लिव इन पार्टनर पर शक
common_voice_hi_40986164.wav|हंगामे के बाद दोनों सदनों की कार्यवाही दिनभर के लिए स्थगित|हंगामे के बाद दोनों सदनों की कार्यवाही दिनभर के लिए स्थगित
common_voice_hi_40986165.wav|अन्ना ने ललकारा, भ्रष्ट सरकार की बलि लेंगे|अन्ना ने ललकारा, भ्रष्ट सरकार की बलि लेंगे
common_voice_hi_40986166.wav|वे हमें रोक नहीं सकते।|वे हमें रोक नहीं सकते।
common_voice_hi_40986167.wav|मुनाफा कमाना हमारे खून का हिस्सा है: नारायण मूर्ति|मुनाफा कमाना हमारे खून का हिस्सा है: नारायण मूर्ति
common_voice_hi_40986168.wav|यहाँ बैठ जाते है।|यहाँ बैठ जाते है।
common_voice_hi_40986169.wav|फिर चलेगा बाहुबली और देवसेना की जोड़ी का जादू, इस फिल्म में आएंगे नजर|फिर चलेगा बाहुबली और देवसेना की जोड़ी का जादू, इस फिल्म में आएंगे नजर
common_voice_hi_40986170.wav|सरसंघचालक मोहन भागवत आज संघ और हिंदुत्व के रिश्ते पर करेंगे चर्चा|सरसंघचालक मोहन भागवत आज संघ और हिंदुत्व के रिश्ते पर करेंगे चर्चा
common_voice_hi_40998045.wav|सामना के जरिए शिवसेना ने कांग्रेस और एनसीपी पर जमकर निशाना साधा|सामना के जरिए शिवसेना ने कांग्रेस और एनसीपी पर जमकर निशाना साधा
common_voice_hi_40998046.wav|अपराधियों ने बिगाड़ा अखिलेश के उत्तर प्रदेश का चेहरा|अपराधियों ने बिगाड़ा अखिलेश के उत्तर प्रदेश का चेहरा
common_voice_hi_40998047.wav|सफाई को लेकर दिल्ली नगर निगम और केजरीवाल सरकार के बीच टकराव|सफाई को लेकर दिल्ली नगर निगम और केजरीवाल सरकार के बीच टकराव
common_voice_hi_40998048.wav|कहां है बर्थडे गर्ल मिनाक्षी शिषाद्री?, जानें उनके साथ हुई खास बातचीत में|कहां है बर्थडे गर्ल मिनाक्षी शिषाद्री?, जानें उनके साथ हुई खास बातचीत में
common_voice_hi_40998049.wav|सेक्स रैकेट का भंडाफोड़, बचाई गईं चार लड़कियां|सेक्स रैकेट का भंडाफोड़, बचाई गईं चार लड़कियां
common_voice_hi_40998055.wav|खूनी पंजा वाले बयान पर नरेंद्र मोदी को नोटिस, चुनाव आयोग ने मांगा जवाब|खूनी पंजा वाले बयान पर नरेंद्र मोदी को नोटिस, चुनाव आयोग ने मांगा जवाब
common_voice_hi_40998056.wav|शरद पवार के फॉर्मूले से जागी महागठबंधन की आस, कांग्रेस को भी फायदा|शरद पवार के फॉर्मूले से जागी महागठबंधन की आस, कांग्रेस को भी फायदा
common_voice_hi_40998057.wav|रोहित शर्मा ने पास किया यो-यो टेस्ट, इंग्लैंड दौरे पर जाएंगे|रोहित शर्मा ने पास किया यो-यो टेस्ट, इंग्लैंड दौरे पर जाएंगे
common_voice_hi_40998058.wav|आप चारागाहों में जानवरों के रिरियाने की आवाज़ों को सुन सकते हैं।|आप चारागाहों में जानवरों के रिरियाने की आवाज़ों को सुन सकते हैं।
common_voice_hi_40998059.wav|न्यूजीलैंड आतंकी हमले पर बोलीं प्रियंका गांधी- हमेशा बुरी होती है नफरत|न्यूजीलैंड आतंकी हमले पर बोलीं प्रियंका गांधी- हमेशा बुरी होती है नफरत
common_voice_hi_41016442.wav|महिला की आंखें मोहक हैं तो ढंकना पड़ेगा!|महिला की आंखें मोहक हैं तो ढंकना पड़ेगा!
common_voice_hi_41115964.wav|वायरल टेस्ट: क्या गर्मियों की छुट्टियों में एडवांस फीस नहीं लेंगे स्कूल?|वायरल टेस्ट: क्या गर्मियों की छुट्टियों में एडवांस फीस नहीं लेंगे स्कूल?
common_voice_hi_41115965.wav|चेन्नई की बैटिंग सबसे दमदार, धोनी की रंगत हैरतअंगेज|चेन्नई की बैटिंग सबसे दमदार, धोनी की रंगत हैरतअंगेज
common_voice_hi_41115966.wav|तुम किसी भी हालत में आज बाहर नहीं जा सकते।|तुम किसी भी हालत में आज बाहर नहीं जा सकते।
common_voice_hi_41115967.wav|ब्रिटेन: बुर्के में आई महिलाओं से नहीं मिलेंगे सांसद|ब्रिटेन: बुर्के में आई महिलाओं से नहीं मिलेंगे सांसद
common_voice_hi_41115968.wav|ये हैं बिहार के लूटखोर बाबू लोग|ये हैं बिहार के लूटखोर बाबू लोग
common_voice_hi_41115969.wav|बड़े भाई की हत्या कर भाई फरार, पुलिस ने मां को किया गिरफ्तार|बड़े भाई की हत्या कर भाई फरार, पुलिस ने मां को किया गिरफ्तार
common_voice_hi_41115970.wav|मुझे जो चाहिए था वह मैं ख़रीद नहीं सका।|मुझे जो चाहिए था वह मैं ख़रीद नहीं सका।
common_voice_hi_41115971.wav|शांत हो जाओ।|शांत हो जाओ।
common_voice_hi_41115972.wav|अपने आखिरी टेस्ट में ओपनिंग करेंगे फिलिप ह्यूज!|अपने आखिरी टेस्ट में ओपनिंग करेंगे फिलिप ह्यूज!
common_voice_hi_41115974.wav|राज्य में लोगों को रोजगार मिल रहा है: नीतीश कुमार|राज्य में लोगों को रोजगार मिल रहा है: नीतीश कुमार
common_voice_hi_41115979.wav|लिखिए!|लिखिए!
common_voice_hi_41115980.wav|गुजरात में बना दुनिया का सबसे बड़ा क्रिकेट स्टेडियम, जानें खास बातें|गुजरात में बना दुनिया का सबसे बड़ा क्रिकेट स्टेडियम, जानें खास बातें
common_voice_hi_41115981.wav|तब अनुपम खेर ने कहा था- योगी को पार्टी से बाहर फेंक देना चाहिए|तब अनुपम खेर ने कहा था- योगी को पार्टी से बाहर फेंक देना चाहिए
common_voice_hi_41115982.wav|तुम्हारा है।|तुम्हारा है।
common_voice_hi_41115983.wav|दिल्ली पुलिस की हिरासत में युवक की मौत, रिश्तेदारों ने लगाया हत्या का आरोप|दिल्ली पुलिस की हिरासत में युवक की मौत, रिश्तेदारों ने लगाया हत्या का आरोप
common_voice_hi_41115989.wav|तुम्हारा सबसे पसंदीदा अमरीकी अभिनेता कौन है?|तुम्हारा सबसे पसंदीदा अमरीकी अभिनेता कौन है?
common_voice_hi_41115990.wav|मैं बेहोश हो गया।|मैं बेहोश हो गया।
common_voice_hi_41115991.wav|कैमरन ने किया कॉलसन का बचाव, हैकिंग प्रकरण पर जताया अफसोस|कैमरन ने किया कॉलसन का बचाव, हैकिंग प्रकरण पर जताया अफसोस
common_voice_hi_41115992.wav|चीन ने जीता लंदन ओलंपिक का पहला स्वर्ण|चीन ने जीता लंदन ओलंपिक का पहला स्वर्ण
common_voice_hi_41115993.wav|मिर्ची अटैक मामले में केस दर्ज, राजनाथ ने किया केजरीवाल को फोन|मिर्ची अटैक मामले में केस दर्ज, राजनाथ ने किया केजरीवाल को फोन
common_voice_hi_41115994.wav|बिहार: सीतामढ़ी में मूर्ति विसर्जन को लेकर दो गुटों में झड़प, इंटरनेट सेवा बंद|बिहार: सीतामढ़ी में मूर्ति विसर्जन को लेकर दो गुटों में झड़प, इंटरनेट सेवा बंद
common_voice_hi_41115995.wav|मैं उसका बर्ताव नहीं सह सकता।|मैं उसका बर्ताव नहीं सह सकता।
common_voice_hi_41115996.wav|पीयूष गोयल का सोनिया गांधी पर पलटवार, आरसीईपी-एफटीए पर दागे ताबड़तोड़ सवाल|पीयूष गोयल का सोनिया गांधी पर पलटवार, आरसीईपी-एफटीए पर दागे ताबड़तोड़ सवाल
common_voice_hi_41115997.wav|क्रिकेट ही नहीं इन खेलों में भी बाहरी खिलाड़ियों ने इंग्लैंड को बनाया चैम्पियन|क्रिकेट ही नहीं इन खेलों में भी बाहरी खिलाड़ियों ने इंग्लैंड को बनाया चैम्पियन
common_voice_hi_41115998.wav|राजस्थान चुनाव: खींवसर सीट पर लोकतांत्रिक पार्टी जीती|राजस्थान चुनाव: खींवसर सीट पर लोकतांत्रिक पार्टी जीती
common_voice_hi_41115999.wav|राठौर की बेल संबंधी अपील पर पर्याप्त समय की मांग|राठौर की बेल संबंधी अपील पर पर्याप्त समय की मांग
common_voice_hi_41116000.wav|संसद में विपक्ष ने सरकार को महंगाई पर घेरा|संसद में विपक्ष ने सरकार को महंगाई पर घेरा
common_voice_hi_41116001.wav|विवाद में पड़े निकम, सरकार को बयान देने का निर्देश|विवाद में पड़े निकम, सरकार को बयान देने का निर्देश
common_voice_hi_41116002.wav|अगले महीने संयुक्त सैन्य अभ्यास करेंगे अमेरिका और दक्षिण कोरिया|अगले महीने संयुक्त सैन्य अभ्यास करेंगे अमेरिका और दक्षिण कोरिया
common_voice_hi_41116003.wav|लोकसभा चुनवों के लिए कांग्रेस का घोषणा पत्र जारी|लोकसभा चुनवों के लिए कांग्रेस का घोषणा पत्र जारी
common_voice_hi_41116034.wav|समाचार सार -फोन का झमेला|समाचार सार -फोन का झमेला
common_voice_hi_41116035.wav|मैं बीस साल का हुँ|मैं बीस साल का हुँ
common_voice_hi_41116036.wav|चीन में दंगल का धमाल, बनी सबसे ज्यादा कमाई करने वाली फिल्म|चीन में दंगल का धमाल, बनी सबसे ज्यादा कमाई करने वाली फिल्म
common_voice_hi_41116037.wav|खुले दरवाजे में ही नीतीश के हेलीकॉप्टर ने भर दी उड़ान|खुले दरवाजे में ही नीतीश के हेलीकॉप्टर ने भर दी उड़ान
common_voice_hi_41116038.wav|तुम बहुत कुछ सीखोगे।|तुम बहुत कुछ सीखोगे।
common_voice_hi_41116048.wav|मुस्लिमों की दुर्दशा के किस्से सुनकर बना था जेहादी, अब भी हूं: यासीन भटकल|मुस्लिमों की दुर्दशा के किस्से सुनकर बना था जेहादी, अब भी हूं: यासीन भटकल
common_voice_hi_41116050.wav|वृंदा करात का हमला, कहा- उन्नाव मामले में आरोपियों को बचा रही योगी सरकार|वृंदा करात का हमला, कहा- उन्नाव मामले में आरोपियों को बचा रही योगी सरकार
common_voice_hi_41116052.wav|अब जापान में दौड़ेगी फिल्म भाग मिल्खा भाग, पोस्टर रिलीज|अब जापान में दौड़ेगी फिल्म भाग मिल्खा भाग, पोस्टर रिलीज
common_voice_hi_41116053.wav|कोर्ट में पेश नहीं हुए केजरीवाल और सिसोदिया, लगा जुर्माना|कोर्ट में पेश नहीं हुए केजरीवाल और सिसोदिया, लगा जुर्माना
common_voice_hi_41116055.wav|जानकर हैरान रह जाएंगे, अमेरिका में भी है दिल्ली, लखनऊ और कलकत्ता|जानकर हैरान रह जाएंगे, अमेरिका में भी है दिल्ली, लखनऊ और कलकत्ता
common_voice_hi_41116063.wav|आसान होगी संपत्ति घोषणा की प्रक्रिया|आसान होगी संपत्ति घोषणा की प्रक्रिया
common_voice_hi_41116064.wav|स्पीकर का अपमान करना हमारा मकसद नहीं था- अधीर रंजन चौधरी|स्पीकर का अपमान करना हमारा मकसद नहीं था- अधीर रंजन चौधरी
common_voice_hi_41116066.wav|वह मृत्यु से डरता नहीं था।|वह मृत्यु से डरता नहीं था।
common_voice_hi_41116067.wav|लश्कर और जैश ने की तालिबान की मदद: मलिक|लश्कर और जैश ने की तालिबान की मदद: मलिक
common_voice_hi_41116073.wav|गुजर गया कथित कयामत का दिन, कोई नुकसान नहीं|गुजर गया कथित कयामत का दिन, कोई नुकसान नहीं
common_voice_hi_41116075.wav|रियो टेस्ट इवेंट में थाईलैंड की निशानेबाज ने जीता गोल्ड|रियो टेस्ट इवेंट में थाईलैंड की निशानेबाज ने जीता गोल्ड
common_voice_hi_41116077.wav|अर्थात्: सफलता की विफलता|अर्थात्: सफलता की विफलता
common_voice_hi_41116078.wav|मुंबई: मेयर चुनाव में प्रत्याशी नहीं उतारेगी बीजेपी, शिवसेना को समर्थन करने पर मंथन|मुंबई: मेयर चुनाव में प्रत्याशी नहीं उतारेगी बीजेपी, शिवसेना को समर्थन करने पर मंथन
common_voice_hi_41116080.wav|अफ्रीकी दौरे के लिए भारतीय महिला हॉकी टीम घोषित|अफ्रीकी दौरे के लिए भारतीय महिला हॉकी टीम घोषित
common_voice_hi_41116087.wav|सचिन पायलट के कार्यक्रम में भाजपाईयों का हंगामा|सचिन पायलट के कार्यक्रम में भाजपाईयों का हंगामा
common_voice_hi_41116088.wav|राम मंदिर पर सपा सांसद की सफाई- याद दिलाया सरकार का कार्यकाल|राम मंदिर पर सपा सांसद की सफाई- याद दिलाया सरकार का कार्यकाल
common_voice_hi_41116089.wav|दुकान कल बंद होगा।|दुकान कल बंद होगा।
common_voice_hi_41116090.wav|शबाना आजमी ने शाहरुख की बेटी सुहाना के लिए कही ये बड़ी बात|शबाना आजमी ने शाहरुख की बेटी सुहाना के लिए कही ये बड़ी बात
common_voice_hi_41116091.wav|मुजफ्फरनगर दंगे: मुस्लिम नेताओं से वापस नहीं होंगे केस|मुजफ्फरनगर दंगे: मुस्लिम नेताओं से वापस नहीं होंगे केस
common_voice_hi_41116117.wav|मैं रूसी में क्यों नहीं लिखता?|मैं रूसी में क्यों नहीं लिखता?
common_voice_hi_41116118.wav|सैफ आने वाली फिल्म फैंटम के किसी भी गाने में नहीं करेंगे लिप सिंक|सैफ आने वाली फिल्म फैंटम के किसी भी गाने में नहीं करेंगे लिप सिंक
common_voice_hi_41116119.wav|ब्राउन सरकार के एक और मंत्री ने दिया इस्तीफा|ब्राउन सरकार के एक और मंत्री ने दिया इस्तीफा
common_voice_hi_41116120.wav|हमारे ग्रह का ध्यान रखें।|हमारे ग्रह का ध्यान रखें।
common_voice_hi_41116121.wav|पूरा होगा जर्मनी में पढ़ाई का सपना, पीजी करने के लिए स्कॉलरशिप|पूरा होगा जर्मनी में पढ़ाई का सपना, पीजी करने के लिए स्कॉलरशिप
common_voice_hi_41116127.wav|स्टार्टअप विलेज के जरिए रोज तैयार हो रहा है एक कारोबारी|स्टार्टअप विलेज के जरिए रोज तैयार हो रहा है एक कारोबारी
common_voice_hi_41116128.wav|विकास की करवट लेने की कोशिश में बस्तर|विकास की करवट लेने की कोशिश में बस्तर
common_voice_hi_41116129.wav|जींद लाया गया कैप्टन पवन का पार्थिव शरीर, आज अंतिम संस्कार|जींद लाया गया कैप्टन पवन का पार्थिव शरीर, आज अंतिम संस्कार
common_voice_hi_41116130.wav|फडणवीस कैबिनेट का विस्तार, संजय कुटे ने ली शपथ|फडणवीस कैबिनेट का विस्तार, संजय कुटे ने ली शपथ
common_voice_hi_41116131.wav|मोदी के मंत्री ने नीतीश पर हिंदुओं को अपमानित करने का लगाया आरोप|मोदी के मंत्री ने नीतीश पर हिंदुओं को अपमानित करने का लगाया आरोप
common_voice_hi_41116132.wav|दिल्ली के कानून मंत्री जितेंद्र तोमर के खिलाफ बीजेपी का विरोध प्रदर्शन|दिल्ली के कानून मंत्री जितेंद्र तोमर के खिलाफ बीजेपी का विरोध प्रदर्शन
common_voice_hi_41116133.wav|सहारनपुर से ग्राउंड रिपोर्ट: हिंसा से गुस्साए दलित बन रहे बौद्ध|सहारनपुर से ग्राउंड रिपोर्ट: हिंसा से गुस्साए दलित बन रहे बौद्ध
common_voice_hi_41116134.wav|सरकार और आईआईटी के बीच गतिरोध खत्म|सरकार और आईआईटी के बीच गतिरोध खत्म
common_voice_hi_41116135.wav|आखिर आतंकवाद के मुद्दे पर बात करने से क्यों डरता है पाकिस्तान?|आखिर आतंकवाद के मुद्दे पर बात करने से क्यों डरता है पाकिस्तान?
common_voice_hi_41116136.wav|बांग्लादेश: दो समूहों में मारपीट के बाद हिंदू मंदिर में तोड़फोड़|बांग्लादेश: दो समूहों में मारपीट के बाद हिंदू मंदिर में तोड़फोड़
common_voice_hi_41116137.wav|हिंदी ट्रांस्लेटर के पद पर वैकेंसी|हिंदी ट्रांस्लेटर के पद पर वैकेंसी
common_voice_hi_41116138.wav|खंजर जैसी जबान का कमाल|खंजर जैसी जबान का कमाल
common_voice_hi_41116139.wav|मुझे नहीं लगता कि टॉम टेस्ट में पास होगा।|मुझे नहीं लगता कि टॉम टेस्ट में पास होगा।
common_voice_hi_41116140.wav|तूफ़ानों से पेड़ों की जड़ें और गहरी व मज़बूत होती है।|तूफ़ानों से पेड़ों की जड़ें और गहरी व मज़बूत होती है।
common_voice_hi_41117362.wav|बिहार: आपसी झड़प में दो नक्सली ढेर|बिहार: आपसी झड़प में दो नक्सली ढेर
common_voice_hi_41117363.wav|टीम अन्ना के नए पोस्टर ब्वॉय होंगे अरविंद केजरीवाल|टीम अन्ना के नए पोस्टर ब्वॉय होंगे अरविंद केजरीवाल
common_voice_hi_41117364.wav|हम मजबूत लोकपाल लेकर आएंगे: पीएम|हम मजबूत लोकपाल लेकर आएंगे: पीएम
common_voice_hi_41117365.wav|गैर-कांग्रेसी मोर्चे की चर्चा के बीच सोनिया ने बुलाई विपक्ष की डिनर पार्टी|गैर-कांग्रेसी मोर्चे की चर्चा के बीच सोनिया ने बुलाई विपक्ष की डिनर पार्टी
common_voice_hi_41117366.wav|भूमध्य रेखा पृथ्वी को दो गोलार्धों में बांटती है।|भूमध्य रेखा पृथ्वी को दो गोलार्धों में बांटती है।
common_voice_hi_41117367.wav|अंग्रेजों के लहू से लाल हुई गुर्रा बनेगी यूपी में कांग्रेस का सियासी हथियार|अंग्रेजों के लहू से लाल हुई गुर्रा बनेगी यूपी में कांग्रेस का सियासी हथियार
common_voice_hi_41117368.wav|जयसूर्या की अगुआई वाली श्रीलंकाई चयनसमिति ने दिया इस्तीफा|जयसूर्या की अगुआई वाली श्रीलंकाई चयनसमिति ने दिया इस्तीफा
common_voice_hi_41117369.wav|भड़काऊ भाषण देने वाले बीजेपी नेता गिरिराज सिंह के खिलाफ वारंट जारी|भड़काऊ भाषण देने वाले बीजेपी नेता गिरिराज सिंह के खिलाफ वारंट जारी
common_voice_hi_41117370.wav|इंडिया गेट पर शांतिपूर्ण प्रदर्शन करने दिया जाए: शीला दीक्षित|इंडिया गेट पर शांतिपूर्ण प्रदर्शन करने दिया जाए: शीला दीक्षित
common_voice_hi_41117371.wav|पंजाबः दो संदिग्ध पाकिस्तान समर्थक कश्मीरी हैकर गिरफ्तार|पंजाबः दो संदिग्ध पाकिस्तान समर्थक कश्मीरी हैकर गिरफ्तार
common_voice_hi_41117372.wav|घनचक्कर में फिर साथ दिखेंगे विद्या-इमरान|घनचक्कर में फिर साथ दिखेंगे विद्या-इमरान
common_voice_hi_41117373.wav|सीजेआई को आरटीआई के दायरे में लाने वाले फैसले को चुनौती|सीजेआई को आरटीआई के दायरे में लाने वाले फैसले को चुनौती
common_voice_hi_41117374.wav|जब अपने जूतों की अलमारी में सो गए थे करण जौहर, सुनाया दिलचस्प किस्सा|जब अपने जूतों की अलमारी में सो गए थे करण जौहर, सुनाया दिलचस्प किस्सा
common_voice_hi_41117375.wav|जयपुर के निकट घाट वाले बालाजी का भव्य मंदिर|जयपुर के निकट घाट वाले बालाजी का भव्य मंदिर
common_voice_hi_41117376.wav|एसआईटी की पूछताछ जिंदगी का बेहद मुश्किल वक्त था: मोदी|एसआईटी की पूछताछ जिंदगी का बेहद मुश्किल वक्त था: मोदी
common_voice_hi_41117377.wav|ब्रह्मोस के बाद वियतनाम से वरुणास्त्र टॉरपीडो का सौदा कर चीन को साधेगा भारत|ब्रह्मोस के बाद वियतनाम से वरुणास्त्र टॉरपीडो का सौदा कर चीन को साधेगा भारत
common_voice_hi_41117378.wav|राजनीति नहीं फिल्मों में काम करेंगी राज ठाकरे की बेटी, ऐसी है चर्चा|राजनीति नहीं फिल्मों में काम करेंगी राज ठाकरे की बेटी, ऐसी है चर्चा
common_voice_hi_41117379.wav|हैवीवेट शेयरों में गिरावट से बाजार टूटा, सेंसेक्स सपाट बंद|हैवीवेट शेयरों में गिरावट से बाजार टूटा, सेंसेक्स सपाट बंद
common_voice_hi_41117380.wav|यूपी: आईएएस अफसर की खुदकुशी पर सियासत गरमाई|यूपी: आईएएस अफसर की खुदकुशी पर सियासत गरमाई
common_voice_hi_41117381.wav|अब दलाल स्ट्रीट पर कालाधन नहीं होगा सफेद, आधार करेगा निगरानी|अब दलाल स्ट्रीट पर कालाधन नहीं होगा सफेद, आधार करेगा निगरानी
common_voice_hi_41117382.wav|क्या आप मेरी मदद कर सकते हैं|क्या आप मेरी मदद कर सकते हैं
common_voice_hi_41117383.wav|फिर दिखेगी अक्षय कुमार की देशभक्ति, दिलाएंगे आजाद भारत को पहला गोल्ड|फिर दिखेगी अक्षय कुमार की देशभक्ति, दिलाएंगे आजाद भारत को पहला गोल्ड
common_voice_hi_41117384.wav|जो भी हो!|जो भी हो!
common_voice_hi_41117385.wav|क्या चुनाव लड़ेंगी उर्मिला मातोंडकर? कांग्रेस ने दिया ऐसा जवाब|क्या चुनाव लड़ेंगी उर्मिला मातोंडकर? कांग्रेस ने दिया ऐसा जवाब
common_voice_hi_41117386.wav|गूगल बैलून से देगी इंटरनेट सेवा|गूगल बैलून से देगी इंटरनेट सेवा
common_voice_hi_41117387.wav|जानें, क्यों अंबेडकर ने हिंदू धर्म छोड़कर बौद्ध धर्म अपना लिया था|जानें, क्यों अंबेडकर ने हिंदू धर्म छोड़कर बौद्ध धर्म अपना लिया था
common_voice_hi_41117388.wav|यूपी के बांदा में विदेशी महिला को सड़क पर दौड़ा-दौड़ा कर पीटा|यूपी के बांदा में विदेशी महिला को सड़क पर दौड़ा-दौड़ा कर पीटा
common_voice_hi_41117389.wav|मुंबई से दिल्ली तक का सफर ट्रेन से तय करेंगे किंग खान|मुंबई से दिल्ली तक का सफर ट्रेन से तय करेंगे किंग खान
common_voice_hi_41117390.wav|निर्भया के दोस्त का दावा, झूठी कहानी है इंडियाज डॉटर|निर्भया के दोस्त का दावा, झूठी कहानी है इंडियाज डॉटर
common_voice_hi_41117391.wav|टॉम मैरी की मदद क्यों करना चाहता है?|टॉम मैरी की मदद क्यों करना चाहता है?
common_voice_hi_41117392.wav|वाकयुद्ध के बाद पाकिस्तान ने नरम किये तेवर|वाकयुद्ध के बाद पाकिस्तान ने नरम किये तेवर
common_voice_hi_41117393.wav|आपके बैंक अकाउंट से लेकर सारी जानकारी हैक हो सकती है|आपके बैंक अकाउंट से लेकर सारी जानकारी हैक हो सकती है
common_voice_hi_41117394.wav|राहुल गांधी बोले- राफेल मुद्दे पर पीएम मोदी घिरे हैं, जांच होनी चाहिए|राहुल गांधी बोले- राफेल मुद्दे पर पीएम मोदी घिरे हैं, जांच होनी चाहिए
common_voice_hi_41117395.wav|फिल्मों में नहीं मिले रोल तब टीवी ने दिलाई शोहरत, बोलीं नीना गुप्ता|फिल्मों में नहीं मिले रोल तब टीवी ने दिलाई शोहरत, बोलीं नीना गुप्ता
common_voice_hi_41117396.wav|देखो।|देखो।
common_voice_hi_41117397.wav|त्रिनिदाद वनडे: इंडीज को मात देकर सीरीज पर कब्जा करने उतरेगी विराट ब्रिगेड|त्रिनिदाद वनडे: इंडीज को मात देकर सीरीज पर कब्जा करने उतरेगी विराट ब्रिगेड
common_voice_hi_41117398.wav|भारत और रूस के चुनाव आयोग करेंगे समझौता|भारत और रूस के चुनाव आयोग करेंगे समझौता
common_voice_hi_41117399.wav|यूपीः तीन नाबालिग बहनों के शव मिलने से मचा हड़कंप|यूपीः तीन नाबालिग बहनों के शव मिलने से मचा हड़कंप
common_voice_hi_41117400.wav|बस्सी के खिलाफ कोर्ट जाएगी केजरीवाल सरकार|बस्सी के खिलाफ कोर्ट जाएगी केजरीवाल सरकार
common_voice_hi_41117401.wav|आज दिल्ली में होगा युवराज-हेजल का ग्रैंड रिसेप्शन|आज दिल्ली में होगा युवराज-हेजल का ग्रैंड रिसेप्शन
common_voice_hi_41117402.wav|बच्चों को शराब पीने को ललचाते हैं टीवी के विज्ञापन|बच्चों को शराब पीने को ललचाते हैं टीवी के विज्ञापन
common_voice_hi_41117403.wav|भारतीय महिलाओं की लम्बी छलांग फिर भी डर है बाकी|भारतीय महिलाओं की लम्बी छलांग फिर भी डर है बाकी
common_voice_hi_41117404.wav|देश का मिजाजः मोदी सरकार की विदेश नीति से खुश है जनता|देश का मिजाजः मोदी सरकार की विदेश नीति से खुश है जनता
common_voice_hi_41117405.wav|इस बार पटाखों से नहीं होगा रावण दहन, प्लास्टिक का भी जलेगा पुतला|इस बार पटाखों से नहीं होगा रावण दहन, प्लास्टिक का भी जलेगा पुतला
common_voice_hi_41117406.wav|हेलिकॉप्टर नहीं, स्पेशल एयरक्राफ्ट से हो सकता है दिल्ली पर पानी का छिड़काव|हेलिकॉप्टर नहीं, स्पेशल एयरक्राफ्ट से हो सकता है दिल्ली पर पानी का छिड़काव
common_voice_hi_41117407.wav|कंगना रनोट ने कहा क्वीन की तुलना पीकू से करना गलत है|कंगना रनोट ने कहा क्वीन की तुलना पीकू से करना गलत है
common_voice_hi_41117408.wav|सोशल मीडिया के सहारे बीजेपी|सोशल मीडिया के सहारे बीजेपी
common_voice_hi_41117409.wav|टॉम ने मुझे कुछ किताबें दी।|टॉम ने मुझे कुछ किताबें दी।
common_voice_hi_41117410.wav|उसके चेहरे पर खरोंचें थी।|उसके चेहरे पर खरोंचें थी।
common_voice_hi_41117411.wav|सभी ने इंतज़ार किया।|सभी ने इंतज़ार किया।
common_voice_hi_41117412.wav|मलप्पुरम, केरल: मजहब नहीं, रोजी-रोटी पर मुसलमानों का जोर|मलप्पुरम, केरल: मजहब नहीं, रोजी-रोटी पर मुसलमानों का जोर
common_voice_hi_41117413.wav|जानें ऑफिस में कैसे बनेंगे आप अच्छे लीडर|जानें ऑफिस में कैसे बनेंगे आप अच्छे लीडर
common_voice_hi_41117414.wav|अटलमय होगा छत्तीसगढ़, कांग्रेस ने कहा- रमन सरकार का चुनावी स्टंट|अटलमय होगा छत्तीसगढ़, कांग्रेस ने कहा- रमन सरकार का चुनावी स्टंट
common_voice_hi_41117415.wav|जम्मू: कांग्रेस उम्मीदवार के घर में दागी गोलियां, पीडीपी उम्मीदवार का बेटा गिरफ्तार|जम्मू: कांग्रेस उम्मीदवार के घर में दागी गोलियां, पीडीपी उम्मीदवार का बेटा गिरफ्तार
common_voice_hi_41117416.wav|अयोध्या के कारसेवकों की याद में रक्तदान शिविर|अयोध्या के कारसेवकों की याद में रक्तदान शिविर
common_voice_hi_41117417.wav|शीला दीक्षित राष्ट्रमंडल खेलों की तैयारियों से संतुष्ट|शीला दीक्षित राष्ट्रमंडल खेलों की तैयारियों से संतुष्ट
common_voice_hi_41117418.wav|आतंकवाद का केंद्र है पाकिस्तान: सलमान रुश्दी|आतंकवाद का केंद्र है पाकिस्तान: सलमान रुश्दी
common_voice_hi_41117419.wav|मुंबई में गणेश उत्सव की धूम|मुंबई में गणेश उत्सव की धूम
common_voice_hi_41117420.wav|अंदर हैं।|अंदर हैं।
common_voice_hi_41117421.wav|इंद्रधनुष आकाश में सात रंगों वाला मेहराब होता है।|इंद्रधनुष आकाश में सात रंगों वाला मेहराब होता है।
common_voice_hi_41117422.wav|क्या तुम्हारी गाड़ी काली है?|क्या तुम्हारी गाड़ी काली है?
common_voice_hi_41117423.wav|चुनाव आयोग पर बीजेपी-कांग्रेस ने लगाए ये आरोप|चुनाव आयोग पर बीजेपी-कांग्रेस ने लगाए ये आरोप
common_voice_hi_41117424.wav|ज्योतिष से जानें, क्यों होता है वैवाहिक जीवन में तनाव?|ज्योतिष से जानें, क्यों होता है वैवाहिक जीवन में तनाव?
common_voice_hi_41117425.wav|मैं अभिनय का पाठ सीखना चाहता हूंः अमिताभ|मैं अभिनय का पाठ सीखना चाहता हूंः अमिताभ
common_voice_hi_41117636.wav|ट्रेड फेयर में दिल्ली के पंडाल में नजर आए मोहल्ला क्लिनिक|ट्रेड फेयर में दिल्ली के पंडाल में नजर आए मोहल्ला क्लिनिक
common_voice_hi_41117637.wav|दिल्ली: फूड कमिश्नर पर घोटाले का आरोप, केजरीवाल ने किया सस्पेंड|दिल्ली: फूड कमिश्नर पर घोटाले का आरोप, केजरीवाल ने किया सस्पेंड
common_voice_hi_41117638.wav|जानिए दिल्ली की कुछ अनदेखी और अनसुनी बातें, डायरी से करें वर्चुअल यात्रा|जानिए दिल्ली की कुछ अनदेखी और अनसुनी बातें, डायरी से करें वर्चुअल यात्रा
common_voice_hi_41117639.wav|अब आपकी हिंदी की हैंडराइटिंग पहचानेगा गूगल|अब आपकी हिंदी की हैंडराइटिंग पहचानेगा गूगल
common_voice_hi_41117640.wav|झारखंड में मंत्रिमंडल गिरोह की चर्चा जोरों पर|झारखंड में मंत्रिमंडल गिरोह की चर्चा जोरों पर
common_voice_hi_41117652.wav|जस्टिस गांगुली को पद से हटाने लिए जद्दोजहद तेज|जस्टिस गांगुली को पद से हटाने लिए जद्दोजहद तेज
common_voice_hi_41117655.wav|सलमान खान बने बॉलीवुड में फार्मूला नंबर वन|सलमान खान बने बॉलीवुड में फार्मूला नंबर वन
common_voice_hi_41117656.wav|मुलायम ने किया उत्तराखंड के पदाधिकारियों को नामित|मुलायम ने किया उत्तराखंड के पदाधिकारियों को नामित
common_voice_hi_41117658.wav|देखिए।|देखिए।
common_voice_hi_41117659.wav|छत्तीसगढ़: नक्सलियों ने किया भारी खून-खराबा|छत्तीसगढ़: नक्सलियों ने किया भारी खून-खराबा
common_voice_hi_41117666.wav|उत्तराखंड में बर्फबारी ऐसी कि ठहर गई जिंदगी|उत्तराखंड में बर्फबारी ऐसी कि ठहर गई जिंदगी
common_voice_hi_41117667.wav|आप क्या सोच रहे थे?|आप क्या सोच रहे थे?
common_voice_hi_41117668.wav|जब मोदी ने हाथ साफ कर जेब में ही रख लिया गंदा टीश्यू पेपर|जब मोदी ने हाथ साफ कर जेब में ही रख लिया गंदा टीश्यू पेपर
common_voice_hi_41117669.wav|निठारी के नर पिशाच की खौफनाक दास्तान सुन दहल जाएगा दिल|निठारी के नर पिशाच की खौफनाक दास्तान सुन दहल जाएगा दिल
common_voice_hi_41117681.wav|किस पार्टी का होगा बीएमसी पर कब्जा?|किस पार्टी का होगा बीएमसी पर कब्जा?
common_voice_hi_41117682.wav|साडे नौ।|साडे नौ।
common_voice_hi_41117683.wav|फ्यूज बल्ब से क्रांति नहीं आ सकती, शाहिद की बत्ती गुल का पोस्टर आया|फ्यूज बल्ब से क्रांति नहीं आ सकती, शाहिद की बत्ती गुल का पोस्टर आया
common_voice_hi_41117684.wav|तबाही के बीच बचा रह गया बाबा केदारनाथ का मंदिर|तबाही के बीच बचा रह गया बाबा केदारनाथ का मंदिर
common_voice_hi_41117685.wav|अर्थात्: सच के बावूजद|अर्थात्: सच के बावूजद
common_voice_hi_41117686.wav|मैं चीन में छह महीने रहा हूँ।|मैं चीन में छह महीने रहा हूँ।
common_voice_hi_41119636.wav|बिहार बीजेपी के नेता बोले, विकास के पैमाने पर मोदी से ज्यादा सफल नीतीश|बिहार बीजेपी के नेता बोले, विकास के पैमाने पर मोदी से ज्यादा सफल नीतीश
common_voice_hi_41119637.wav|सारा और कार्तिक की फिल्म अगले साल होगी इस खास दिन पर रिलीज़|सारा और कार्तिक की फिल्म अगले साल होगी इस खास दिन पर रिलीज़
common_voice_hi_41119638.wav|शक्ति साधना का सबसे बड़ा केंद्र है कामाख्या मंदिर|शक्ति साधना का सबसे बड़ा केंद्र है कामाख्या मंदिर
common_voice_hi_41119639.wav|थिरिमाने के शतक के बूते श्रीलंका ने ऑस्ट्रेलिया को हराया|थिरिमाने के शतक के बूते श्रीलंका ने ऑस्ट्रेलिया को हराया
common_voice_hi_41119640.wav|दोरजी का सुराग नहीं, दुर्गम इलाके में खराब मौसम से बाधा|दोरजी का सुराग नहीं, दुर्गम इलाके में खराब मौसम से बाधा
common_voice_hi_41119641.wav|रेलवे रिजर्वेशन सिस्टम में घपले का पर्दाफाश, दलालों पर नकेल कसने की तैयारी|रेलवे रिजर्वेशन सिस्टम में घपले का पर्दाफाश, दलालों पर नकेल कसने की तैयारी
common_voice_hi_41119642.wav|पाकिस्तान को मिलेगा करारा जवाब, सेना प्रमुख बोले- बता कर नहीं करते कार्रवाई|पाकिस्तान को मिलेगा करारा जवाब, सेना प्रमुख बोले- बता कर नहीं करते कार्रवाई
common_voice_hi_41119643.wav|ब्रिटिश मॉडल एमी के साथ काम करेंगे धनुष|ब्रिटिश मॉडल एमी के साथ काम करेंगे धनुष
common_voice_hi_41119644.wav|केंद्र की गलत नीतियों के चलते महंगाई बढ़ी: करात|केंद्र की गलत नीतियों के चलते महंगाई बढ़ी: करात
common_voice_hi_41119645.wav|आर्थिक सुधार: नगाड़ों के साथ दौड़ी सुधारों की गाड़ी|आर्थिक सुधार: नगाड़ों के साथ दौड़ी सुधारों की गाड़ी
common_voice_hi_41119646.wav|मुझे आपका सामान नहीं चाहिए।|मुझे आपका सामान नहीं चाहिए।
common_voice_hi_41119647.wav|वर्ल्ड कप के बाद संन्यास लेगा यह स्टार अफ्रीकी क्रिकेटर|वर्ल्ड कप के बाद संन्यास लेगा यह स्टार अफ्रीकी क्रिकेटर
common_voice_hi_41119648.wav|मैंने शुरू किया।|मैंने शुरू किया।
common_voice_hi_41119649.wav|..जब किंग खान को सेल्फी के लिए करनी पड़ी इस एक्ट्रेस से रिक्वेस्ट|..जब किंग खान को सेल्फी के लिए करनी पड़ी इस एक्ट्रेस से रिक्वेस्ट
common_voice_hi_41119650.wav|उसने फ़ोन क्यूँ किया?|उसने फ़ोन क्यूँ किया?
common_voice_hi_41119651.wav|कुमार विश्वास ने खुदकुशी मामले में दिल्ली पुलिस व मोदी सरकार पर फोड़ा ठीकरा|कुमार विश्वास ने खुदकुशी मामले में दिल्ली पुलिस व मोदी सरकार पर फोड़ा ठीकरा
common_voice_hi_41119652.wav|दक्षिण के कई सितारे सियासत में चमकने को बेताब|दक्षिण के कई सितारे सियासत में चमकने को बेताब
common_voice_hi_41119653.wav|मुझे यह मत पूछना क्यूँ, किन्तु वह मुझे देख कर भाग गया.|मुझे यह मत पूछना क्यूँ, किन्तु वह मुझे देख कर भाग गया.
common_voice_hi_41119654.wav|रॉबर्ट वाड्रा ने बंद किया फेसबुक अकाउंट|रॉबर्ट वाड्रा ने बंद किया फेसबुक अकाउंट
common_voice_hi_41119655.wav|मुझे तैरना पसंद है।|मुझे तैरना पसंद है।
common_voice_hi_41119656.wav|बजरंग दल कार्यकर्ता पर जानलेवा हमला, तलवार से किया वार|बजरंग दल कार्यकर्ता पर जानलेवा हमला, तलवार से किया वार
common_voice_hi_41119657.wav|आंत के कैंसर से बचा सकता है चॉकलेट!|आंत के कैंसर से बचा सकता है चॉकलेट!
common_voice_hi_41119659.wav|साइबर हमलों से निपटने के लिए शिक्षाविदों, पेशेवरों की टीम गठित|साइबर हमलों से निपटने के लिए शिक्षाविदों, पेशेवरों की टीम गठित
common_voice_hi_41119661.wav|घनचक्कर में संजय दत्त नहीं तो सीन नहीं|घनचक्कर में संजय दत्त नहीं तो सीन नहीं
common_voice_hi_41119663.wav|समाजवादी पार्टी प्रवक्ता पद से हटाये गये मोहन सिंह|समाजवादी पार्टी प्रवक्ता पद से हटाये गये मोहन सिंह
common_voice_hi_41119664.wav|नई सरकार का एजेंडा: लोकतांत्रिक राजनीति में राजद्रोह की प्रासंगिकता|नई सरकार का एजेंडा: लोकतांत्रिक राजनीति में राजद्रोह की प्रासंगिकता
common_voice_hi_41119665.wav|दुश्मनों पर अब बम बरसाएंगी जांबाज बेटियां, वायुसेना में बनेंगी लड़ाकू विमानों की पायलट|दुश्मनों पर अब बम बरसाएंगी जांबाज बेटियां, वायुसेना में बनेंगी लड़ाकू विमानों की पायलट
common_voice_hi_41119666.wav|डच लोगों को कई भाषाएँ बोलनी आती हैं।|डच लोगों को कई भाषाएँ बोलनी आती हैं।
common_voice_hi_41119667.wav|मैं डूब रही हूँ!|मैं डूब रही हूँ!
common_voice_hi_41119668.wav|आर्मी कैंप पर हमला कर सकते हैं लश्कर के आतंकी, खुफिया रिपोर्ट से खुलासा|आर्मी कैंप पर हमला कर सकते हैं लश्कर के आतंकी, खुफिया रिपोर्ट से खुलासा
common_voice_hi_41119669.wav|वह हर साल अपनी माँ के साथ रूस जाता है।|वह हर साल अपनी माँ के साथ रूस जाता है।
common_voice_hi_41119670.wav|गुलजार हुआ शेयर बाजार, नई ऊंचाई पर निफ्टी बंद|गुलजार हुआ शेयर बाजार, नई ऊंचाई पर निफ्टी बंद
common_voice_hi_41119671.wav|क्या मुस्तफिजुर का अपहरण कर लें: अश्विन|क्या मुस्तफिजुर का अपहरण कर लें: अश्विन
common_voice_hi_41119672.wav|इंजीनियर के लिए यहां है जगह खाली, जल्द करें आवेदन|इंजीनियर के लिए यहां है जगह खाली, जल्द करें आवेदन
common_voice_hi_41119673.wav|शराबी ड्राइवर ने रेलवे ट्रैक पर दौड़ा दिया ट्रक, टला बड़ा हादसा|शराबी ड्राइवर ने रेलवे ट्रैक पर दौड़ा दिया ट्रक, टला बड़ा हादसा
common_voice_hi_41119674.wav|वीरभद्र के लिए खाली की सीट लेकिन टिकट हो गया किसी और के नाम|वीरभद्र के लिए खाली की सीट लेकिन टिकट हो गया किसी और के नाम
common_voice_hi_41119676.wav|हाई अलर्ट से नई दिल्ली रेलवे स्टेशन पर कड़ी सुरक्षा|हाई अलर्ट से नई दिल्ली रेलवे स्टेशन पर कड़ी सुरक्षा
common_voice_hi_41119677.wav|आजमगढ़ में मैं हारते-हारते बचा: मुलायम|आजमगढ़ में मैं हारते-हारते बचा: मुलायम
common_voice_hi_41119678.wav|अब पहचान-पत्र से पहचाने जाएंगे असली संत|अब पहचान-पत्र से पहचाने जाएंगे असली संत
common_voice_hi_41119679.wav|जिसके हाथों में आते ही पानी कहानी सुनाने लगता है|जिसके हाथों में आते ही पानी कहानी सुनाने लगता है
common_voice_hi_41119680.wav|लंदन में भी पत्थरबाजी पर उतरे पाकिस्तानी समर्थक, भारतीय उच्चायोग पर हमला|लंदन में भी पत्थरबाजी पर उतरे पाकिस्तानी समर्थक, भारतीय उच्चायोग पर हमला
common_voice_hi_41119681.wav|कोलकाता: सुरंग में फंसी मेट्रो, दो घंटे दहशत में रहे मुसाफिर|कोलकाता: सुरंग में फंसी मेट्रो, दो घंटे दहशत में रहे मुसाफिर
common_voice_hi_41119682.wav|भारत-आस्ट्रेलिया श्रृंखला क्रिकेट के लिए महत्वपूर्ण: लासन|भारत-आस्ट्रेलिया श्रृंखला क्रिकेट के लिए महत्वपूर्ण: लासन
common_voice_hi_41119683.wav|सोनिया बोलीं- एक ही सिक्के के दो पहलू हैं मोदी और ममता|सोनिया बोलीं- एक ही सिक्के के दो पहलू हैं मोदी और ममता
common_voice_hi_41119684.wav|बत्ती गुल मीटर चालू: निर्माताओं की तीसरी पसंद थे शाहिद, ऐसे मिली फिल्म|बत्ती गुल मीटर चालू: निर्माताओं की तीसरी पसंद थे शाहिद, ऐसे मिली फिल्म
common_voice_hi_41119685.wav|हैरी पॉटर जैसा कोई नहीं: रैडक्लिफ|हैरी पॉटर जैसा कोई नहीं: रैडक्लिफ
common_voice_hi_41119686.wav|कष्टदायक तथ्य है कि भ्रष्टाचार दूर दूर तक फैला प्रतीत होता है: सोनिया|कष्टदायक तथ्य है कि भ्रष्टाचार दूर दूर तक फैला प्रतीत होता है: सोनिया
common_voice_hi_41119687.wav|अभिनेता दिलीप कुमार की तबीयत बिगड़ी, अस्पताल में भर्ती|अभिनेता दिलीप कुमार की तबीयत बिगड़ी, अस्पताल में भर्ती
common_voice_hi_41119688.wav|अच्छी तरह से सुन।|अच्छी तरह से सुन।
common_voice_hi_41119689.wav|मैं खा सकती हूँ।|मैं खा सकती हूँ।
common_voice_hi_41119690.wav|पश्चिम बंगाल में अवैध हथियारों की फैक्ट्री का भंडाफोड़|पश्चिम बंगाल में अवैध हथियारों की फैक्ट्री का भंडाफोड़
common_voice_hi_41119691.wav|बॉलीवुड हिस्ट्री में इस वॉर के लिए याद रखी जाएगी कंगना-रितिक की जोड़ी|बॉलीवुड हिस्ट्री में इस वॉर के लिए याद रखी जाएगी कंगना-रितिक की जोड़ी
common_voice_hi_41119692.wav|एयरलिफ्ट देखने पहुंचे केजरीवाल, लोगों ने किया मोदी-मोदी के नारों से स्वागत|एयरलिफ्ट देखने पहुंचे केजरीवाल, लोगों ने किया मोदी-मोदी के नारों से स्वागत
common_voice_hi_41119693.wav|खगड़िया नरसंहार भूमि विवाद का परिणाम था: नीतीश|खगड़िया नरसंहार भूमि विवाद का परिणाम था: नीतीश
common_voice_hi_41119694.wav|कैलेंडर गर्ल्स की प्रेरणा हैं दीपिका पादुकोण और विजय माल्या|कैलेंडर गर्ल्स की प्रेरणा हैं दीपिका पादुकोण और विजय माल्या
common_voice_hi_41119695.wav|म्याऊ|म्याऊ
common_voice_hi_41119696.wav|साउथ दिल्ली की मेयर पहुंची महरौली, गांवों को दिया ये भरोसा|साउथ दिल्ली की मेयर पहुंची महरौली, गांवों को दिया ये भरोसा
common_voice_hi_41119697.wav|कर्नाटक में हर पार्टी पैंतरेबाज, देखें किसकी बनती है सरकार?|कर्नाटक में हर पार्टी पैंतरेबाज, देखें किसकी बनती है सरकार?
common_voice_hi_41119698.wav|नरेंद्र मोदी के दावों पर दिग्विजय सिंह के तीखे सवाल|नरेंद्र मोदी के दावों पर दिग्विजय सिंह के तीखे सवाल
common_voice_hi_41119699.wav|लखनऊ मेट्रो के उद्धाटन में हुई बड़ी गलती, साइड लाइन ही रहे मेट्रो मैन|लखनऊ मेट्रो के उद्धाटन में हुई बड़ी गलती, साइड लाइन ही रहे मेट्रो मैन
common_voice_hi_41119700.wav|पूर्ती मामले में सीबीआई के छापे कांग्रेस की साजिश: बीजेपी|पूर्ती मामले में सीबीआई के छापे कांग्रेस की साजिश: बीजेपी
common_voice_hi_41119701.wav|और शीशा तोड़ कार में घुस गया घोड़ा, जानें कैसे हुआ ऐसा|और शीशा तोड़ कार में घुस गया घोड़ा, जानें कैसे हुआ ऐसा
common_voice_hi_41119702.wav|मध्य प्रदेश: छिंदवाड़ा में सो रहे मजदूर पर मिट्टी डालकर रोलर चलाया|मध्य प्रदेश: छिंदवाड़ा में सो रहे मजदूर पर मिट्टी डालकर रोलर चलाया
common_voice_hi_41119703.wav|कौन हैं अन्ना हजारे?|कौन हैं अन्ना हजारे?
common_voice_hi_41119704.wav|गुजरात दंगा: न्यायिक हिरासत में माया कोडनानी|गुजरात दंगा: न्यायिक हिरासत में माया कोडनानी
common_voice_hi_41119706.wav|जय श्री राम नहीं बोलने पर मुस्लिम युवक की पिटाई, टोपी उतारने की कोशिश|जय श्री राम नहीं बोलने पर मुस्लिम युवक की पिटाई, टोपी उतारने की कोशिश
common_voice_hi_41119707.wav|नेपाल की पहली महिला राष्ट्रपति विद्या देवी भंडारी का सियासी सफरनामा|नेपाल की पहली महिला राष्ट्रपति विद्या देवी भंडारी का सियासी सफरनामा
common_voice_hi_41119708.wav|चतुर!|चतुर!
common_voice_hi_41119709.wav|मैं उनका गुस्सा समझ सकता हूँ।|मैं उनका गुस्सा समझ सकता हूँ।
common_voice_hi_41119710.wav|कांग्रेस ने स्मृति ईरानी पर लगाया घोटाले का आरोप, मांगा इस्तीफा|कांग्रेस ने स्मृति ईरानी पर लगाया घोटाले का आरोप, मांगा इस्तीफा
common_voice_hi_41119711.wav|तमिल फिल्मों से वापसी करेगा बॉलीवुड का ये हीरो|तमिल फिल्मों से वापसी करेगा बॉलीवुड का ये हीरो
common_voice_hi_41119712.wav|यलगार परिषद केस से जुड़े वकीलों, कार्यकर्ताओं की भी व्हाट्सएप जासूसी हुई?|यलगार परिषद केस से जुड़े वकीलों, कार्यकर्ताओं की भी व्हाट्सएप जासूसी हुई?
common_voice_hi_41119713.wav|नोटबंदी के बाद इन पांच फैसलों से बनेगा कैशलेस इंडिया|नोटबंदी के बाद इन पांच फैसलों से बनेगा कैशलेस इंडिया
common_voice_hi_41119714.wav|प्रद्युम्न केस: बॉम्बे हाई कोर्ट ने पिंटो फैमिली को दी कल तक की राहत|प्रद्युम्न केस: बॉम्बे हाई कोर्ट ने पिंटो फैमिली को दी कल तक की राहत
common_voice_hi_41119715.wav|संवारनी हो भाषा, तो लगाइए मानस में गोते|संवारनी हो भाषा, तो लगाइए मानस में गोते
common_voice_hi_41119716.wav|गुजरात में अभी से चुनाव की तैयारियां शुरू, बीजेपी ने बांटी साड़ियां|गुजरात में अभी से चुनाव की तैयारियां शुरू, बीजेपी ने बांटी साड़ियां
common_voice_hi_41119717.wav|सीबीआई अफसर की टेलीस्कोप वाली गन से नेताजी ने की हवा में फायरिंग|सीबीआई अफसर की टेलीस्कोप वाली गन से नेताजी ने की हवा में फायरिंग
common_voice_hi_41119718.wav|वे हिल नहीं रहे।|वे हिल नहीं रहे।
common_voice_hi_41119719.wav|मैं जानता हूं कि विरोधी सदस्य गलत हो सकता है।|मैं जानता हूं कि विरोधी सदस्य गलत हो सकता है।
common_voice_hi_41119720.wav|एक डूबता हुआ शहरउस रात की कहानी|एक डूबता हुआ शहरउस रात की कहानी
common_voice_hi_41119721.wav|पार्टी प्रमुख पद से इस्तीफा देंगी ली पेन, ओलांद बोले- इनसे देश को बचाओ|पार्टी प्रमुख पद से इस्तीफा देंगी ली पेन, ओलांद बोले- इनसे देश को बचाओ
common_voice_hi_41119722.wav|ग्रेटर नोएडाः बिसरख इलाके में सड़क के किनारे मिली महिला की लाश|ग्रेटर नोएडाः बिसरख इलाके में सड़क के किनारे मिली महिला की लाश
common_voice_hi_41119723.wav|बॉलीवुड स्टार्स ने श्रीदेवी को दी जन्मदिन की बधाई|बॉलीवुड स्टार्स ने श्रीदेवी को दी जन्मदिन की बधाई
common_voice_hi_41119724.wav|टाटा मोटर्स ने वाहनों के दाम डेढ़ लाख रुपये तक घटाए|टाटा मोटर्स ने वाहनों के दाम डेढ़ लाख रुपये तक घटाए
common_voice_hi_41119725.wav|करिश्माई कारोबारी: सात समंदर पार तक स्वाद का सफर|करिश्माई कारोबारी: सात समंदर पार तक स्वाद का सफर
common_voice_hi_41119726.wav|दिल्ली: जब ट्रैफिक जाम में फंसे विधायक|दिल्ली: जब ट्रैफिक जाम में फंसे विधायक
common_voice_hi_41119727.wav|पलामू टाइगर रिज़र्व में अरसे के बाद दिखा बाघ|पलामू टाइगर रिज़र्व में अरसे के बाद दिखा बाघ
common_voice_hi_41119728.wav|शम्स ताहिर खान को प्रतिष्ठित रेड इंक अवॉर्ड|शम्स ताहिर खान को प्रतिष्ठित रेड इंक अवॉर्ड
common_voice_hi_41119729.wav|बीजेपी प्रवक्ता का बयान- अलाउद्दीन खिलजी और औरंगजेब हैं राहुल गांधी|बीजेपी प्रवक्ता का बयान- अलाउद्दीन खिलजी और औरंगजेब हैं राहुल गांधी
common_voice_hi_41119730.wav|अब व्हाट्सऐरप पर देखा जा सकेगा यूट्यूब वीडियो!|अब व्हाट्सऐरप पर देखा जा सकेगा यूट्यूब वीडियो!
common_voice_hi_41119731.wav|सुप्रभात|सुप्रभात
common_voice_hi_41119732.wav|पाकिस्तान ने दी थी नाटो हमले की अनुमति: रिपोर्ट|पाकिस्तान ने दी थी नाटो हमले की अनुमति: रिपोर्ट
common_voice_hi_41119733.wav|कपिल मिश्रा का दिल्ली सरकार पर हमला, कहा- एक भी पैसा नहीं किया खर्च|कपिल मिश्रा का दिल्ली सरकार पर हमला, कहा- एक भी पैसा नहीं किया खर्च
common_voice_hi_41119735.wav|आंध्रप्रदेश में जारी है विरोध प्रदर्शन|आंध्रप्रदेश में जारी है विरोध प्रदर्शन
common_voice_hi_41119736.wav|गुजरात पर आतंकी हमले का ज्यादा खतरा|गुजरात पर आतंकी हमले का ज्यादा खतरा
common_voice_hi_41119737.wav|इंडिया ओपन: सेमीफाइनल में पहुंचीं सायना|इंडिया ओपन: सेमीफाइनल में पहुंचीं सायना
common_voice_hi_41119738.wav|चाय पीने का ऐसा खूबसूरत बहाना पहले कभी नहीं था|चाय पीने का ऐसा खूबसूरत बहाना पहले कभी नहीं था
common_voice_hi_41119739.wav|तुम इज़राइल के शिक्षक हो, यीशु ने कहाँ।|तुम इज़राइल के शिक्षक हो, यीशु ने कहाँ।
common_voice_hi_41119741.wav|पूर्व मेजर का आरोप- सेना के अफसर सैन्य वाहनों का करते हैं दुरुपयोग|पूर्व मेजर का आरोप- सेना के अफसर सैन्य वाहनों का करते हैं दुरुपयोग
common_voice_hi_41119742.wav|पुस्तक समीक्षाः नई सदी में नामवर|पुस्तक समीक्षाः नई सदी में नामवर
common_voice_hi_41119743.wav|छतरी के नीचे आकर फंसीं परिणीति, हटाना पड़ा वीडियो|छतरी के नीचे आकर फंसीं परिणीति, हटाना पड़ा वीडियो
common_voice_hi_41119744.wav|फरलो पर रिहाई के अंतिम दिन मंत्रालय की इमारत से छलांग लगा की खुदकुशी|फरलो पर रिहाई के अंतिम दिन मंत्रालय की इमारत से छलांग लगा की खुदकुशी
common_voice_hi_41119745.wav|ब्रिस्बेन में भारत की लगातार दूसरी शर्मनाक हार|ब्रिस्बेन में भारत की लगातार दूसरी शर्मनाक हार
common_voice_hi_41119746.wav|क्या है फ्लोटिंग किडनी? जानिए शरीर में क्यों सरक जाता है गुर्दा?|क्या है फ्लोटिंग किडनी? जानिए शरीर में क्यों सरक जाता है गुर्दा?
common_voice_hi_41119747.wav|निखिल आडवाणी का मराठी प्रेम|निखिल आडवाणी का मराठी प्रेम
common_voice_hi_41119748.wav|राष्ट्र को समर्पित होगा आईएनएस कोलकाता|राष्ट्र को समर्पित होगा आईएनएस कोलकाता
common_voice_hi_41119749.wav|अंकित हत्याकांड पर सियासत के बीच आज परिवार से मिलेंगे केजरीवाल|अंकित हत्याकांड पर सियासत के बीच आज परिवार से मिलेंगे केजरीवाल
common_voice_hi_41119750.wav|चीन से बड़ी मात्रा में आ रहीं नकली दवाएं|चीन से बड़ी मात्रा में आ रहीं नकली दवाएं
common_voice_hi_41119751.wav|आतंकवाद के खिलाफ एकजुटता जरूरी: डोमनिक द विलीपेन|आतंकवाद के खिलाफ एकजुटता जरूरी: डोमनिक द विलीपेन
common_voice_hi_41119752.wav|दार्जिलिंग को अलग करना मंजूर नहीं: ममता|दार्जिलिंग को अलग करना मंजूर नहीं: ममता
common_voice_hi_41119753.wav|भारत को मुम्बई हमले के साजिशकर्ता हेडली तक पहुंच मिली|भारत को मुम्बई हमले के साजिशकर्ता हेडली तक पहुंच मिली
common_voice_hi_41130963.wav|पॉन्टी हत्याकांड: खत्म हो रही है नामधारी की रिमांड|पॉन्टी हत्याकांड: खत्म हो रही है नामधारी की रिमांड
common_voice_hi_41130965.wav|मोस्ट इफेक्टिव स्वच्छता एंबेसडरः बदलाव के लिए बैटिंग|मोस्ट इफेक्टिव स्वच्छता एंबेसडरः बदलाव के लिए बैटिंग
common_voice_hi_41130966.wav|इस बैंक में होता है खुशियों का कारोबार, जरूरतमंद हैं इसके ग्राहक|इस बैंक में होता है खुशियों का कारोबार, जरूरतमंद हैं इसके ग्राहक
common_voice_hi_41130967.wav|अमिताभ बच्चन ने किया शत्रुघ्न सिन्हा की बायोग्राफी का लोकार्पण|अमिताभ बच्चन ने किया शत्रुघ्न सिन्हा की बायोग्राफी का लोकार्पण
common_voice_hi_41130969.wav|पीटीआई ने नरेंद्र मोदी के दावों को किया खारिज|पीटीआई ने नरेंद्र मोदी के दावों को किया खारिज
common_voice_hi_41228222.wav|फीफा वर्ल्ड कप: जर्मनी टीम में नूयेर को मिली जगह, सेन हुए बाहर|फीफा वर्ल्ड कप: जर्मनी टीम में नूयेर को मिली जगह, सेन हुए बाहर
common_voice_hi_41228223.wav|वेंकटेश प्रसाद बोले, ईशांत शर्मा को इंडियन पेस बैटरी का अगुवा होना चाहिए|वेंकटेश प्रसाद बोले, ईशांत शर्मा को इंडियन पेस बैटरी का अगुवा होना चाहिए
common_voice_hi_41228224.wav|इस कंगारू दिग्गज ने कहा- कोहली की तकनीक दुनिया में सर्वश्रेष्ठ|इस कंगारू दिग्गज ने कहा- कोहली की तकनीक दुनिया में सर्वश्रेष्ठ
common_voice_hi_41228225.wav|पुलवामा हमले के बाद पाक के खिलाफ अपने व्यापारिक रुख पर कायम रहेगा भारत|पुलवामा हमले के बाद पाक के खिलाफ अपने व्यापारिक रुख पर कायम रहेगा भारत
common_voice_hi_41228226.wav|मेरा वजन पिछले साल जितना था अभी भी उतना ही हैं।|मेरा वजन पिछले साल जितना था अभी भी उतना ही हैं।
common_voice_hi_41228242.wav|उमेश यादव की जादुई गेंद ने उड़ाई रेनशॉ की गिल्लियां, देखें वीडियो|उमेश यादव की जादुई गेंद ने उड़ाई रेनशॉ की गिल्लियां, देखें वीडियो
common_voice_hi_41228243.wav|सेरेना बनाम शरापोवा होगा फ्रेंच ओपन का फाइनल मुकाबला|सेरेना बनाम शरापोवा होगा फ्रेंच ओपन का फाइनल मुकाबला
common_voice_hi_41228244.wav|प्रधानमंत्री ने देशवासियों को दिया भाईचारे का संदेश|प्रधानमंत्री ने देशवासियों को दिया भाईचारे का संदेश
common_voice_hi_41228245.wav|तुम टीवी देखने में काफ़ी समय बरबाद कर रहे हो।|तुम टीवी देखने में काफ़ी समय बरबाद कर रहे हो।
common_voice_hi_41228246.wav|प्रभु देवा के डांस स्टेप आसान नहीं: अक्षय कुमार|प्रभु देवा के डांस स्टेप आसान नहीं: अक्षय कुमार
common_voice_hi_41228262.wav|स्पॉट फिक्सिंगः आज सुप्रीम कोर्ट करेगा एन श्रीनिवासन की किस्मत का फैसला|स्पॉट फिक्सिंगः आज सुप्रीम कोर्ट करेगा एन श्रीनिवासन की किस्मत का फैसला
common_voice_hi_41228265.wav|मुलायम के छोटे बेटे को लोस प्रत्याशी बनाये जाने की मांग|मुलायम के छोटे बेटे को लोस प्रत्याशी बनाये जाने की मांग
common_voice_hi_41228267.wav|अब मास्टरों को ठीक करेगी मानक आचार संहिता|अब मास्टरों को ठीक करेगी मानक आचार संहिता
common_voice_hi_41228269.wav|बादल ने संत निरंजन दास के सेहत की जानकारी ली|बादल ने संत निरंजन दास के सेहत की जानकारी ली
common_voice_hi_41228271.wav|इंडियन आइडल सेट पर अनु मलिक ने बनाया गाना, हैरान रह गए अनुष्का-वरुण|इंडियन आइडल सेट पर अनु मलिक ने बनाया गाना, हैरान रह गए अनुष्का-वरुण
common_voice_hi_41228282.wav|चारा घोटाला: बढ़ेंगी लालू की मुश्किलें, इन धाराओं में चलेगा मुकदमा|चारा घोटाला: बढ़ेंगी लालू की मुश्किलें, इन धाराओं में चलेगा मुकदमा
common_voice_hi_41228283.wav|नासमझ बनने से बाज आए रिपब्लिकन पार्टी: बॉबी जिंदल|नासमझ बनने से बाज आए रिपब्लिकन पार्टी: बॉबी जिंदल
common_voice_hi_41228284.wav|दिल्लीः दो व्यापारियों को सरेआम मारी गोली, एक की मौत|दिल्लीः दो व्यापारियों को सरेआम मारी गोली, एक की मौत
common_voice_hi_41228285.wav|यह लो|यह लो
common_voice_hi_41228286.wav|मस्जिद को लेकर बीजेपी सांसद के दावे में कितना दम? जांच करेगी ये कमेटी|मस्जिद को लेकर बीजेपी सांसद के दावे में कितना दम? जांच करेगी ये कमेटी
common_voice_hi_41228288.wav|अफ्रीकन महिलाओं से जुड़े केस में सोमनाथ भारती की दोबारा जांच की अर्जी खारिज|अफ्रीकन महिलाओं से जुड़े केस में सोमनाथ भारती की दोबारा जांच की अर्जी खारिज
common_voice_hi_41228289.wav|नवरात्र में रात्रि पूजा का है विशेष महत्व, ऐसा हो भोजन|नवरात्र में रात्रि पूजा का है विशेष महत्व, ऐसा हो भोजन
common_voice_hi_41228291.wav|दिल्ली: प्रदूषित पानी पर बढ़ा बवाल, आप ने राम विलास पासवान से मांगा इस्तीफा|दिल्ली: प्रदूषित पानी पर बढ़ा बवाल, आप ने राम विलास पासवान से मांगा इस्तीफा
common_voice_hi_41228292.wav|विधायक हत्याकांड: मोस्ट वॉन्टेड अपराधी मंजीत सिंह गिरफ्तार|विधायक हत्याकांड: मोस्ट वॉन्टेड अपराधी मंजीत सिंह गिरफ्तार
common_voice_hi_41228311.wav|मनमोहन की टिप्पणी अस्वीकार्य: पाकिस्तान|मनमोहन की टिप्पणी अस्वीकार्य: पाकिस्तान
common_voice_hi_41228313.wav|खेल प्रेमियों की तमन्ना, ग्रीन पार्क में शतक जमायें तेंदुलकर|खेल प्रेमियों की तमन्ना, ग्रीन पार्क में शतक जमायें तेंदुलकर
common_voice_hi_41228315.wav|बुलेटप्रूफ कॉफी पीने से शरीर की चर्बी होती है कम|बुलेटप्रूफ कॉफी पीने से शरीर की चर्बी होती है कम
common_voice_hi_41228317.wav|क्या सुंदर नज़ारा है!|क्या सुंदर नज़ारा है!
common_voice_hi_41228319.wav|भोपाल में बनेगा एकेडमिक स्टाफ कॉलेज|भोपाल में बनेगा एकेडमिक स्टाफ कॉलेज
common_voice_hi_41228331.wav|नियुक्तियों में खेल का कोटा होगा बहाल: अखिलेश|नियुक्तियों में खेल का कोटा होगा बहाल: अखिलेश
common_voice_hi_41228332.wav|मोदी लहर पर सवार महाराष्ट्र में सरकार बनाएगी बीजेपीः सर्वे|मोदी लहर पर सवार महाराष्ट्र में सरकार बनाएगी बीजेपीः सर्वे
common_voice_hi_41228333.wav|बाफ्टा: लाइफ ऑफ पाइ को मिले दो पुरस्कार|बाफ्टा: लाइफ ऑफ पाइ को मिले दो पुरस्कार
common_voice_hi_41228334.wav|झारखंड की महिलाओं ने दिखाया तरसते लोगों तक पानी पहुंचाने का रास्ता|झारखंड की महिलाओं ने दिखाया तरसते लोगों तक पानी पहुंचाने का रास्ता
common_voice_hi_41228335.wav|टॉम और मैरी के पास एक पोता और तीन पोतियां हैं।|टॉम और मैरी के पास एक पोता और तीन पोतियां हैं।
common_voice_hi_41228356.wav|घर के पास एक गिरजाघर है।|घर के पास एक गिरजाघर है।
common_voice_hi_41228357.wav|पहली बार साथ नजर आएंगे आमिर खान और विराट कोहली, जानें वजह|पहली बार साथ नजर आएंगे आमिर खान और विराट कोहली, जानें वजह
common_voice_hi_41228358.wav|कलकत्ता के एक बांग्लादेशी जिगोलो की कहानी|कलकत्ता के एक बांग्लादेशी जिगोलो की कहानी
common_voice_hi_41228359.wav|रालेगण में सिविल सोसाइटी की बैठक|रालेगण में सिविल सोसाइटी की बैठक
common_voice_hi_41228360.wav|मां की मौत पर अदालत ने मांगा दिल्ली सरकार से जवाब|मां की मौत पर अदालत ने मांगा दिल्ली सरकार से जवाब
common_voice_hi_41228371.wav|कॉमेडी शो में सलमान ने पढ़ी शायरी, पूछा- जेंट्स स्वेटर क्यों नहीं बुनते?|कॉमेडी शो में सलमान ने पढ़ी शायरी, पूछा- जेंट्स स्वेटर क्यों नहीं बुनते?
common_voice_hi_41228372.wav|बिग बॉस में बहुओं की वापसी, रश्मि-देवोलीना को देख खुश नहीं सिद्धार्थ शुक्ला|बिग बॉस में बहुओं की वापसी, रश्मि-देवोलीना को देख खुश नहीं सिद्धार्थ शुक्ला
common_voice_hi_41228373.wav|भारत-पाक धैर्य के साथ सुलझाये मुद्दे: बान|भारत-पाक धैर्य के साथ सुलझाये मुद्दे: बान
common_voice_hi_41228374.wav|शांत रहते हैं।|शांत रहते हैं।
common_voice_hi_41228375.wav|मामूली बढ़त के साथ खुले भारतीय शेयर बाजार|मामूली बढ़त के साथ खुले भारतीय शेयर बाजार
common_voice_hi_41228382.wav|गुजरात में किसान के घर में घुस गया शेर, दहशत में लोग|गुजरात में किसान के घर में घुस गया शेर, दहशत में लोग
common_voice_hi_41228383.wav|हरियाणाः दूसरा रास्ता|हरियाणाः दूसरा रास्ता
common_voice_hi_41228385.wav|तेलंगाना: रेत माफिया ने सरकारी अधिकारी की ट्रैक्टर से कुचलकर हत्या की|तेलंगाना: रेत माफिया ने सरकारी अधिकारी की ट्रैक्टर से कुचलकर हत्या की
common_voice_hi_41228407.wav|ईडन गार्डन्स का दौरा करेगी आईसीसी की टीम|ईडन गार्डन्स का दौरा करेगी आईसीसी की टीम
common_voice_hi_41228408.wav|पहले बेचता था दूध, इन्वेस्टर्स के पैसे ठग खड़ा किया अपना कॉर्पोरेट साम्राज्य|पहले बेचता था दूध, इन्वेस्टर्स के पैसे ठग खड़ा किया अपना कॉर्पोरेट साम्राज्य
common_voice_hi_41228410.wav|महाराष्ट्र: शिवसेना के साथ आया एक और निर्दलीय, समर्थन का किया ऐलान|महाराष्ट्र: शिवसेना के साथ आया एक और निर्दलीय, समर्थन का किया ऐलान
common_voice_hi_41228411.wav|रथयात्रा पर खुद को निर्दोष मानते हैं आडवाणी|रथयात्रा पर खुद को निर्दोष मानते हैं आडवाणी
common_voice_hi_41228412.wav|मैंने अपनी आय नहीं छिपाई: प्रियंका चोपड़ा|मैंने अपनी आय नहीं छिपाई: प्रियंका चोपड़ा
common_voice_hi_41228426.wav|रुश्दी का दिल्ली में स्वागत है: शीला दीक्षित|रुश्दी का दिल्ली में स्वागत है: शीला दीक्षित
common_voice_hi_41228431.wav|आजाद पर बीजेपी का पलटवार, कहा- पाकिस्तान की भाषा बोल रही है कांग्रेस|आजाद पर बीजेपी का पलटवार, कहा- पाकिस्तान की भाषा बोल रही है कांग्रेस
common_voice_hi_41228433.wav|दीपिका की अगुवाई में लंदन ड्रीम पूरा करने उतरेगी भारतीय तीरंदाजी टीम|दीपिका की अगुवाई में लंदन ड्रीम पूरा करने उतरेगी भारतीय तीरंदाजी टीम
common_voice_hi_41228434.wav|जब तक जीवन है, आशा है।|जब तक जीवन है, आशा है।
common_voice_hi_41228435.wav|खून था।|खून था।
common_voice_hi_41228463.wav|हिरासत में मौत: खाकी वर्दी में हत्यारे हैं पुलिस वाले|हिरासत में मौत: खाकी वर्दी में हत्यारे हैं पुलिस वाले
common_voice_hi_41228464.wav|जन्मदिन विशेषः प्रभाकर श्रोत्रिय, एक कविता ने बदल दिया जिनका जीवन|जन्मदिन विशेषः प्रभाकर श्रोत्रिय, एक कविता ने बदल दिया जिनका जीवन
common_voice_hi_41228465.wav|सरकोजी ने ईरान के चुनाव को धोखा बताया|सरकोजी ने ईरान के चुनाव को धोखा बताया
common_voice_hi_41228466.wav|हम अकसर दूसरों के सामने अपने ख़यालों को छुपा सकते हैं।|हम अकसर दूसरों के सामने अपने ख़यालों को छुपा सकते हैं।
common_voice_hi_41228467.wav|युवाओं के लिए सुनहरा मौका इनलेक इंटरनेशनल स्कॉलरशिप|युवाओं के लिए सुनहरा मौका इनलेक इंटरनेशनल स्कॉलरशिप
common_voice_hi_41228498.wav|आईपीएल की जांच के लिए संसदीय समिति की मांग|आईपीएल की जांच के लिए संसदीय समिति की मांग
common_voice_hi_41228500.wav|ऑफिस में गंदे व्यवहार को सही ठहराते हैं भारतीय कर्मचारी: सर्वे|ऑफिस में गंदे व्यवहार को सही ठहराते हैं भारतीय कर्मचारी: सर्वे
common_voice_hi_41228501.wav|आज रवाना हुई थार एक्सप्रेस, रोक लगाने के बावजूद पाकिस्तान ने नहीं रोकी|आज रवाना हुई थार एक्सप्रेस, रोक लगाने के बावजूद पाकिस्तान ने नहीं रोकी
common_voice_hi_41228502.wav|इस वजह से पाकिस्तान भेजे जा सकते हैं कुछ भारतीय डॉक्टर|इस वजह से पाकिस्तान भेजे जा सकते हैं कुछ भारतीय डॉक्टर
common_voice_hi_41228503.wav|यूपी के जेल मंत्री का बयान- जेल में हुई घटना तो डीआईजी होंगे सस्पेंड|यूपी के जेल मंत्री का बयान- जेल में हुई घटना तो डीआईजी होंगे सस्पेंड
common_voice_hi_41228772.wav|हॉलीवुड फिल्म में नजर आयेंगी जैकलिन फार्नांडिस|हॉलीवुड फिल्म में नजर आयेंगी जैकलिन फार्नांडिस
common_voice_hi_41228773.wav|जोरदार ठंड की सौगात लेकर आएगा नया साल|जोरदार ठंड की सौगात लेकर आएगा नया साल
common_voice_hi_41228774.wav|अल्जाइमर को नजरअंदाज करना हो सकता है खतरनाक, ऐसे पहचानें|अल्जाइमर को नजरअंदाज करना हो सकता है खतरनाक, ऐसे पहचानें
common_voice_hi_41228775.wav|धर्मांतरण की धमकी: अब हमें नहीं रहना हिंदू|धर्मांतरण की धमकी: अब हमें नहीं रहना हिंदू
common_voice_hi_41228791.wav|लो, यह वाला तुम्हारा।|लो, यह वाला तुम्हारा।
common_voice_hi_41228792.wav|कैग की रिपोर्ट- बादल ने ऐसे लगाया सरकारी खजाने को करोड़ों का चूना|कैग की रिपोर्ट- बादल ने ऐसे लगाया सरकारी खजाने को करोड़ों का चूना
common_voice_hi_41228793.wav|गिरिराज सिंह का ऐलान- नई तकनीक से देश में सिर्फ बछिया पैदा होंगी|गिरिराज सिंह का ऐलान- नई तकनीक से देश में सिर्फ बछिया पैदा होंगी
common_voice_hi_41228794.wav|भाजपा ने विफल टीम को बदला: कांग्रेस|भाजपा ने विफल टीम को बदला: कांग्रेस
common_voice_hi_41228795.wav|सामदेव सीधे सेटों में हारकर ओलंपिक से बाहर|सामदेव सीधे सेटों में हारकर ओलंपिक से बाहर
common_voice_hi_41228825.wav|उत्तर कोरिया को तेल देने के अमेरिका के आरोप का चीन ने दिया जवाब|उत्तर कोरिया को तेल देने के अमेरिका के आरोप का चीन ने दिया जवाब
common_voice_hi_41228826.wav|एमसीडी चुनाव में जीत के लिए बीजेपी अपनाएगी ये फॉर्मूला.|एमसीडी चुनाव में जीत के लिए बीजेपी अपनाएगी ये फॉर्मूला.
common_voice_hi_41228827.wav|दिल्ली: आज से सीलिंग के खिलाफ कांग्रेस का न्याय युद्ध|दिल्ली: आज से सीलिंग के खिलाफ कांग्रेस का न्याय युद्ध
common_voice_hi_41228828.wav|टीम इंडिया के चयन के मुद्दे पर सौरव गांगुली से असहमत हैं विनोद कांबली|टीम इंडिया के चयन के मुद्दे पर सौरव गांगुली से असहमत हैं विनोद कांबली
common_voice_hi_41228829.wav|बाउंसर हमारी वैध रणनीति का हिस्सा रहेगा: ब्राड|बाउंसर हमारी वैध रणनीति का हिस्सा रहेगा: ब्राड
common_voice_hi_41228854.wav|झारखंड में मंत्रिमंडल का विस्तार आज, रामचंद्र सहाय लेंगे मंत्री पद की शपथ|झारखंड में मंत्रिमंडल का विस्तार आज, रामचंद्र सहाय लेंगे मंत्री पद की शपथ
common_voice_hi_41228857.wav|जब खो गया सलमान का सिग्नेचर ब्रेसलेट|जब खो गया सलमान का सिग्नेचर ब्रेसलेट
common_voice_hi_41228858.wav|अब पद्मावती पर गुजरात में ग्रहण, रूपाणी बोले- फिल्म में जनभावनाओं से खिलवाड़|अब पद्मावती पर गुजरात में ग्रहण, रूपाणी बोले- फिल्म में जनभावनाओं से खिलवाड़
common_voice_hi_41228859.wav|रणथम्भौर में वन्यजीवों की गिनती शुरू|रणथम्भौर में वन्यजीवों की गिनती शुरू
common_voice_hi_41228874.wav|एमपी विधानसभा उपाध्यक्ष हरवंश सिंह का निधन|एमपी विधानसभा उपाध्यक्ष हरवंश सिंह का निधन
common_voice_hi_41228875.wav|परमाणु मुद्दे पर वार्ता के लिए गंभीर नहीं ईरान|परमाणु मुद्दे पर वार्ता के लिए गंभीर नहीं ईरान
common_voice_hi_41228876.wav|महाराष्ट्र: कोयला खनन कम्पनी ने किसानों का मुआवजा बढ़ाया|महाराष्ट्र: कोयला खनन कम्पनी ने किसानों का मुआवजा बढ़ाया
common_voice_hi_41228877.wav|वह हमेशा बहुत काम करता है।|वह हमेशा बहुत काम करता है।
common_voice_hi_41228878.wav|छत्तीसगढ़ चुनाव: धमतरी में थोड़े अंतर से हारे गुरमुख सिंह|छत्तीसगढ़ चुनाव: धमतरी में थोड़े अंतर से हारे गुरमुख सिंह
common_voice_hi_41228905.wav|जिम कॉर्बेट में क्यों बाघ और हाथियों के बीच चल रहा संघर्ष?|जिम कॉर्बेट में क्यों बाघ और हाथियों के बीच चल रहा संघर्ष?
common_voice_hi_41228907.wav|अमर सिंह दुबई के अस्पताल में भर्ती, हालत गंभीर|अमर सिंह दुबई के अस्पताल में भर्ती, हालत गंभीर
common_voice_hi_41228909.wav|मजबूरी में लेने पड़े कठोर फैसले: सोनिया गांधी|मजबूरी में लेने पड़े कठोर फैसले: सोनिया गांधी
common_voice_hi_41228911.wav|घरेलू मैदान पर पहली बार टीम इंडिया की कप्तानी करेंगे कोहली|घरेलू मैदान पर पहली बार टीम इंडिया की कप्तानी करेंगे कोहली
common_voice_hi_41228912.wav|अक्षय कुमार ने मिलाया सुनील ग्रोवर से हाथ, कपिल शर्मा को लगेगा बड़ा झटका|अक्षय कुमार ने मिलाया सुनील ग्रोवर से हाथ, कपिल शर्मा को लगेगा बड़ा झटका
common_voice_hi_41228920.wav|अन्ना को मनाने की कोशिशें हुई तेज|अन्ना को मनाने की कोशिशें हुई तेज
common_voice_hi_41228923.wav|गोवा में कड़ी सुरक्षा के बीच मनाया जा रहा है क्रिसमस समारोह|गोवा में कड़ी सुरक्षा के बीच मनाया जा रहा है क्रिसमस समारोह
common_voice_hi_41228926.wav|टॉम घर पर था।|टॉम घर पर था।
common_voice_hi_41228927.wav|अन्ना हजारे ने की नए ब्लॉग की शुरुआत|अन्ना हजारे ने की नए ब्लॉग की शुरुआत
common_voice_hi_41228929.wav|वह बिल्ली पेढ पर अटक गयी है।|वह बिल्ली पेढ पर अटक गयी है।
common_voice_hi_41228933.wav|क्या फिक्सिंग पर इस वजह से खामोश हैं महेंद्र सिंह धोनी?|क्या फिक्सिंग पर इस वजह से खामोश हैं महेंद्र सिंह धोनी?
common_voice_hi_41228934.wav|पूरा कर लेंगे दूसरे कार्यकाल के एजेंडेः बराक ओबामा|पूरा कर लेंगे दूसरे कार्यकाल के एजेंडेः बराक ओबामा
common_voice_hi_41228935.wav|विवाद के बाद बड़े भाई की गला घोंटकर हत्या, खुद थाने जाकर किया सरेंडर|विवाद के बाद बड़े भाई की गला घोंटकर हत्या, खुद थाने जाकर किया सरेंडर
common_voice_hi_41228936.wav|आपने टॉम को हराया है।|आपने टॉम को हराया है।
common_voice_hi_41228937.wav|कांग्रेस की महिला नेता की गोली मारकर हत्या, कुख्यात बदमाश पर आरोप|कांग्रेस की महिला नेता की गोली मारकर हत्या, कुख्यात बदमाश पर आरोप
common_voice_hi_41228978.wav|इस बायोपिक के लिए बैडमिंटन सीख रही हैं परिणीति चोपड़ा, जल्द शुरू होगी शूटिंग|इस बायोपिक के लिए बैडमिंटन सीख रही हैं परिणीति चोपड़ा, जल्द शुरू होगी शूटिंग
common_voice_hi_41228979.wav|विवादों में रहे एन. श्रीनिवासन को अब आईसीसी प्रमुख बनाने की तैयारी|विवादों में रहे एन. श्रीनिवासन को अब आईसीसी प्रमुख बनाने की तैयारी
common_voice_hi_41228982.wav|महाश्वेता देवीः आदिवासियों के लिए लड़ने वाली हजार चौरासी की मां|महाश्वेता देवीः आदिवासियों के लिए लड़ने वाली हजार चौरासी की मां
common_voice_hi_41228986.wav|दिल्ली एयरपोर्ट पर जांच में रेडियोएक्टिव लीक नहीं पाया, फ्लाइट ऑपरेशंस सामान्य|दिल्ली एयरपोर्ट पर जांच में रेडियोएक्टिव लीक नहीं पाया, फ्लाइट ऑपरेशंस सामान्य
common_voice_hi_41228987.wav|तेंदुलकर के रिटायर होने को लेकर फिर बहस हुई तेज|तेंदुलकर के रिटायर होने को लेकर फिर बहस हुई तेज
common_voice_hi_41229067.wav|दीवाली से पहले ही गोलमाल अगेन की टीम ने कहा हम नहीं सुधरेंगे|दीवाली से पहले ही गोलमाल अगेन की टीम ने कहा हम नहीं सुधरेंगे
common_voice_hi_41229068.wav|विदेश मंत्री सुषमा स्वराज से प्रोटोकॉल तोड़कर मिलेंगे चीनी राष्ट्रपति शी जिनपिंग|विदेश मंत्री सुषमा स्वराज से प्रोटोकॉल तोड़कर मिलेंगे चीनी राष्ट्रपति शी जिनपिंग
common_voice_hi_41229069.wav|मुंबई में शिवसेना के कार्यकर्ताओं का हंगामा|मुंबई में शिवसेना के कार्यकर्ताओं का हंगामा
common_voice_hi_41229070.wav|रिएलिटी टीवी स्टार घुम्मन का आरोप, पति ने पैसों के लिए ठगा|रिएलिटी टीवी स्टार घुम्मन का आरोप, पति ने पैसों के लिए ठगा
common_voice_hi_41229071.wav|शीना मर्डर केस: पीटर को गोपनीय गवाह के बयान की कॉपी देगी सीबीआई|शीना मर्डर केस: पीटर को गोपनीय गवाह के बयान की कॉपी देगी सीबीआई
common_voice_hi_41229099.wav|अमेरिका में चल रहा है रोमनीहुड बनाम ओबामालोनी|अमेरिका में चल रहा है रोमनीहुड बनाम ओबामालोनी
common_voice_hi_41229100.wav|हमारे पास घर में दो कमरे हैं जिनका हम इस्तेमाल नहीं कर रहे हैं।|हमारे पास घर में दो कमरे हैं जिनका हम इस्तेमाल नहीं कर रहे हैं।
common_voice_hi_41229101.wav|बांग्लादेश की पूर्व प्रधानमंत्री खालिदा जिया के खिलाफ गिरफ्तारी वारंट|बांग्लादेश की पूर्व प्रधानमंत्री खालिदा जिया के खिलाफ गिरफ्तारी वारंट
common_voice_hi_41229102.wav|छत्तीसगढ़ में सूखे पड़े खेत-खलिहान, अफसरों ने बना दिया धान खरीद का प्लान|छत्तीसगढ़ में सूखे पड़े खेत-खलिहान, अफसरों ने बना दिया धान खरीद का प्लान
common_voice_hi_41229103.wav|माता-पिता के मोटे होने का संतान पर असर|माता-पिता के मोटे होने का संतान पर असर
common_voice_hi_41229122.wav|टूटी हुई काँच पर पैर मत रखना।|टूटी हुई काँच पर पैर मत रखना।
common_voice_hi_41229124.wav|शीतकालीन सत्र की देरी पर बोले संसदीय राज्यमंत्री अर्जुन मेघवाल|शीतकालीन सत्र की देरी पर बोले संसदीय राज्यमंत्री अर्जुन मेघवाल
common_voice_hi_41229125.wav|रूसी वैज्ञानिकों ने किया उल्का के टुकड़े खोजने का दावा|रूसी वैज्ञानिकों ने किया उल्का के टुकड़े खोजने का दावा
common_voice_hi_41229126.wav|घोटालाः गुडविन के भरोसे बुरे फंसे|घोटालाः गुडविन के भरोसे बुरे फंसे
